{"is_source_file": true, "format": "Python", "description": "Defines SQLAlchemy ORM models for User, Furniture, and Design entities in a home design backend project.", "external_files": ["./database.py"], "external_methods": ["sqlalchemy.Column", "sqlalchemy.Integer", "sqlalchemy.String", "sqlalchemy.Float", "sqlalchemy.ForeignKey", "sqlalchemy.TIMESTAMP", "sqlalchemy.JSON", "sqlalchemy.DECIMAL", "sqlalchemy.orm.relationship", "sqlalchemy.sql.func"], "published": ["User", "Furniture", "Design"], "classes": [{"name": "User", "description": "Model representing an application user for authentication and ownership."}, {"name": "Furniture", "description": "Model representing furniture items available in the catalog."}, {"name": "Design", "description": "Model representing a user's interior design project, with scene data."}], "methods": [], "calls": ["func.now()", "relationship()"], "search-terms": ["SQLAlchemy models", "User", "Furniture", "Design", "database.py"], "state": 2, "file_id": 6, "knowledge_revision": 10, "git_revision": "", "ctags": [{"_type": "tag", "name": "Design", "path": "/home/kavia/workspace/code-generation/home-design-studio-219193-219214/home_design_backend/src/models.py", "pattern": "/^class Design(Base):$/", "language": "Python", "kind": "class"}, {"_type": "tag", "name": "Furniture", "path": "/home/kavia/workspace/code-generation/home-design-studio-219193-219214/home_design_backend/src/models.py", "pattern": "/^class Furniture(Base):$/", "language": "Python", "kind": "class"}, {"_type": "tag", "name": "User", "path": "/home/kavia/workspace/code-generation/home-design-studio-219193-219214/home_design_backend/src/models.py", "pattern": "/^class User(Base):$/", "language": "Python", "kind": "class"}, {"_type": "tag", "name": "__tablename__", "path": "/home/kavia/workspace/code-generation/home-design-studio-219193-219214/home_design_backend/src/models.py", "pattern": "/^    __tablename__ = \"designs\"$/", "file": true, "language": "Python", "kind": "variable", "scope": "Design", "scopeKind": "class"}, {"_type": "tag", "name": "__tablename__", "path": "/home/kavia/workspace/code-generation/home-design-studio-219193-219214/home_design_backend/src/models.py", "pattern": "/^    __tablename__ = \"furniture\"$/", "file": true, "language": "Python", "kind": "variable", "scope": "Furniture", "scopeKind": "class"}, {"_type": "tag", "name": "__tablename__", "path": "/home/kavia/workspace/code-generation/home-design-studio-219193-219214/home_design_backend/src/models.py", "pattern": "/^    __tablename__ = \"users\"$/", "file": true, "language": "Python", "kind": "variable", "scope": "User", "scopeKind": "class"}, {"_type": "tag", "name": "category", "path": "/home/kavia/workspace/code-generation/home-design-studio-219193-219214/home_design_backend/src/models.py", "pattern": "/^    category = Column(String)$/", "language": "Python", "kind": "variable", "scope": "Furniture", "scopeKind": "class"}, {"_type": "tag", "name": "color", "path": "/home/kavia/workspace/code-generation/home-design-studio-219193-219214/home_design_backend/src/models.py", "pattern": "/^    color = Column(String)$/", "language": "Python", "kind": "variable", "scope": "Furniture", "scopeKind": "class"}, {"_type": "tag", "name": "created_at", "path": "/home/kavia/workspace/code-generation/home-design-studio-219193-219214/home_design_backend/src/models.py", "pattern": "/^    created_at = Column(TIMESTAMP, server_default=func.now())$/", "language": "Python", "kind": "variable", "scope": "Design", "scopeKind": "class"}, {"_type": "tag", "name": "depth", "path": "/home/kavia/workspace/code-generation/home-design-studio-219193-219214/home_design_backend/src/models.py", "pattern": "/^    depth = Column(Float)$/", "language": "Python", "kind": "variable", "scope": "Furniture", "scopeKind": "class"}, {"_type": "tag", "name": "designs", "path": "/home/kavia/workspace/code-generation/home-design-studio-219193-219214/home_design_backend/src/models.py", "pattern": "/^    designs = relationship(\"Design\", back_populates=\"owner\")$/", "language": "Python", "kind": "variable", "scope": "User", "scopeKind": "class"}, {"_type": "tag", "name": "height", "path": "/home/kavia/workspace/code-generation/home-design-studio-219193-219214/home_design_backend/src/models.py", "pattern": "/^    height = Column(Float)$/", "language": "Python", "kind": "variable", "scope": "Furniture", "scopeKind": "class"}, {"_type": "tag", "name": "id", "path": "/home/kavia/workspace/code-generation/home-design-studio-219193-219214/home_design_backend/src/models.py", "pattern": "/^    id = Column(Integer, primary_key=True, index=True)$/", "language": "Python", "kind": "variable", "scope": "Design", "scopeKind": "class"}, {"_type": "tag", "name": "id", "path": "/home/kavia/workspace/code-generation/home-design-studio-219193-219214/home_design_backend/src/models.py", "pattern": "/^    id = Column(Integer, primary_key=True, index=True)$/", "language": "Python", "kind": "variable", "scope": "Furniture", "scopeKind": "class"}, {"_type": "tag", "name": "id", "path": "/home/kavia/workspace/code-generation/home-design-studio-219193-219214/home_design_backend/src/models.py", "pattern": "/^    id = Column(Integer, primary_key=True, index=True)$/", "language": "Python", "kind": "variable", "scope": "User", "scopeKind": "class"}, {"_type": "tag", "name": "image_url", "path": "/home/kavia/workspace/code-generation/home-design-studio-219193-219214/home_design_backend/src/models.py", "pattern": "/^    image_url = Column(String)$/", "language": "Python", "kind": "variable", "scope": "Furniture", "scopeKind": "class"}, {"_type": "tag", "name": "layout_data", "path": "/home/kavia/workspace/code-generation/home-design-studio-219193-219214/home_design_backend/src/models.py", "pattern": "/^    layout_data = Column(JSON) # JSON blob for scene data$/", "language": "Python", "kind": "variable", "scope": "Design", "scopeKind": "class"}, {"_type": "tag", "name": "material", "path": "/home/kavia/workspace/code-generation/home-design-studio-219193-219214/home_design_backend/src/models.py", "pattern": "/^    material = Column(String)$/", "language": "Python", "kind": "variable", "scope": "Furniture", "scopeKind": "class"}, {"_type": "tag", "name": "model_url", "path": "/home/kavia/workspace/code-generation/home-design-studio-219193-219214/home_design_backend/src/models.py", "pattern": "/^    model_url = Column(String) # For 3D model path$/", "language": "Python", "kind": "variable", "scope": "Furniture", "scopeKind": "class"}, {"_type": "tag", "name": "name", "path": "/home/kavia/workspace/code-generation/home-design-studio-219193-219214/home_design_backend/src/models.py", "pattern": "/^    name = Column(String, nullable=False)$/", "language": "Python", "kind": "variable", "scope": "Design", "scopeKind": "class"}, {"_type": "tag", "name": "name", "path": "/home/kavia/workspace/code-generation/home-design-studio-219193-219214/home_design_backend/src/models.py", "pattern": "/^    name = Column(String, nullable=False)$/", "language": "Python", "kind": "variable", "scope": "Furniture", "scopeKind": "class"}, {"_type": "tag", "name": "owner", "path": "/home/kavia/workspace/code-generation/home-design-studio-219193-219214/home_design_backend/src/models.py", "pattern": "/^    owner = relationship(\"User\", back_populates=\"designs\")$/", "language": "Python", "kind": "variable", "scope": "Design", "scopeKind": "class"}, {"_type": "tag", "name": "password_hash", "path": "/home/kavia/workspace/code-generation/home-design-studio-219193-219214/home_design_backend/src/models.py", "pattern": "/^    password_hash = Column(String, nullable=False)$/", "language": "Python", "kind": "variable", "scope": "User", "scopeKind": "class"}, {"_type": "tag", "name": "price", "path": "/home/kavia/workspace/code-generation/home-design-studio-219193-219214/home_design_backend/src/models.py", "pattern": "/^    price = Column(DECIMAL(10, 2))$/", "language": "Python", "kind": "variable", "scope": "Furniture", "scopeKind": "class"}, {"_type": "tag", "name": "updated_at", "path": "/home/kavia/workspace/code-generation/home-design-studio-219193-219214/home_design_backend/src/models.py", "pattern": "/^    updated_at = Column(TIMESTAMP, server_default=func.now(), onupdate=func.now())$/", "language": "Python", "kind": "variable", "scope": "Design", "scopeKind": "class"}, {"_type": "tag", "name": "user_id", "path": "/home/kavia/workspace/code-generation/home-design-studio-219193-219214/home_design_backend/src/models.py", "pattern": "/^    user_id = Column(Integer, ForeignKey(\"users.id\"))$/", "language": "Python", "kind": "variable", "scope": "Design", "scopeKind": "class"}, {"_type": "tag", "name": "username", "path": "/home/kavia/workspace/code-generation/home-design-studio-219193-219214/home_design_backend/src/models.py", "pattern": "/^    username = Column(String, unique=True, index=True, nullable=False)$/", "language": "Python", "kind": "variable", "scope": "User", "scopeKind": "class"}, {"_type": "tag", "name": "width", "path": "/home/kavia/workspace/code-generation/home-design-studio-219193-219214/home_design_backend/src/models.py", "pattern": "/^    width = Column(Float)$/", "language": "Python", "kind": "variable", "scope": "Furniture", "scopeKind": "class"}], "hash": "ca56122ab8cfd91afc174e244b34a5bb", "format-version": 4, "code-base-name": "home_design_backend", "filename": "home_design_backend/src/models.py", "fields": [{"name": "__tablename__ = \"designs\"", "scope": "Design", "scopeKind": "class", "description": "unavailable"}, {"name": "__tablename__ = \"furniture\"", "scope": "Furniture", "scopeKind": "class", "description": "unavailable"}, {"name": "__tablename__ = \"users\"", "scope": "User", "scopeKind": "class", "description": "unavailable"}, {"name": "category = Column(String)", "scope": "Furniture", "scopeKind": "class", "description": "unavailable"}, {"name": "color = Column(String)", "scope": "Furniture", "scopeKind": "class", "description": "unavailable"}, {"name": "created_at = Column(TIMESTAMP, server_default=func.now())", "scope": "Design", "scopeKind": "class", "description": "unavailable"}, {"name": "depth = Column(Float)", "scope": "Furniture", "scopeKind": "class", "description": "unavailable"}, {"name": "designs = relationship(\"Design\", back_populates=\"owner\")", "scope": "User", "scopeKind": "class", "description": "unavailable"}, {"name": "height = Column(Float)", "scope": "Furniture", "scopeKind": "class", "description": "unavailable"}, {"name": "id = Column(Integer, primary_key=True, index=True)", "scope": "Design", "scopeKind": "class", "description": "unavailable"}, {"name": "image_url = Column(String)", "scope": "Furniture", "scopeKind": "class", "description": "unavailable"}, {"name": "layout_data = Column(JSON) # JSON blob for scene data", "scope": "Design", "scopeKind": "class", "description": "unavailable"}, {"name": "material = Column(String)", "scope": "Furniture", "scopeKind": "class", "description": "unavailable"}, {"name": "model_url = Column(String) # For 3D model path", "scope": "Furniture", "scopeKind": "class", "description": "unavailable"}, {"name": "name = Column(String, nullable=False)", "scope": "Design", "scopeKind": "class", "description": "unavailable"}, {"name": "owner = relationship(\"User\", back_populates=\"designs\")", "scope": "Design", "scopeKind": "class", "description": "unavailable"}, {"name": "password_hash = Column(String, nullable=False)", "scope": "User", "scopeKind": "class", "description": "unavailable"}, {"name": "price = Column(DECIMAL(10, 2))", "scope": "Furniture", "scopeKind": "class", "description": "unavailable"}, {"name": "updated_at = Column(TIMESTAMP, server_default=func.now(), onupdate=func.now())", "scope": "Design", "scopeKind": "class", "description": "unavailable"}, {"name": "user_id = Column(Integer, ForeignKey(\"users.id\"))", "scope": "Design", "scopeKind": "class", "description": "unavailable"}, {"name": "username = Column(String, unique=True, index=True, nullable=False)", "scope": "User", "scopeKind": "class", "description": "unavailable"}, {"name": "width = Column(Float)", "scope": "Furniture", "scopeKind": "class", "description": "unavailable"}], "revision_history": [{"10": ""}]}