{"is_source_file": true, "format": "Python", "description": "This file defines several data models using Pydantic, representing entities such as Furniture, Design, User, Token, and related creation/update variants. It serves as a schema/structure definition for data validation and serialization within the project.", "external_files": ["pydantic.BaseModel", "typing.Optional", "typing.List", "typing.Any", "datetime.datetime"], "external_methods": [], "published": ["FurnitureBase", "FurnitureCreate", "Furniture", "DesignBase", "DesignCreate", "Design", "UserBase", "UserCreate", "User", "Token", "TokenData"], "classes": [{"name": "FurnitureBase", "description": "Base model for furniture items containing common attributes like name, category, dimensions, material, color, images, and price."}, {"name": "FurnitureCreate", "description": "Model for creating new furniture entries, inherits from FurnitureBase."}, {"name": "Furniture", "description": "Full furniture model including an ID and configuration to use attributes directly from database records."}, {"name": "DesignBase", "description": "Base model for design entities with a name and optional layout data."}, {"name": "DesignCreate", "description": "Model for creating new design entries, inherits from DesignBase."}, {"name": "Design", "description": "Full design model including ID, user association, timestamps, and configuration for attribute sourcing."}, {"name": "UserBase", "description": "Basic user model with username."}, {"name": "UserCreate", "description": "Model for creating new users, includes password."}, {"name": "User", "description": "Complete user model with ID, associated designs, and attribute configuration."}, {"name": "Token", "description": "Model representing an authentication token with access token and token type."}, {"name": "TokenData", "description": "Model for token-related data, such as username, that may be optionally included."}], "methods": [], "calls": [], "search-terms": ["Pydantic models", "Furniture schema", "Design schema", "User schema", "Token models", "schemas.py"], "state": 2, "file_id": 7, "knowledge_revision": 13, "git_revision": "", "ctags": [{"_type": "tag", "name": "Config", "path": "/home/kavia/workspace/code-generation/home-design-studio-219193-219214/home_design_backend/src/schemas.py", "pattern": "/^    class Config:$/", "language": "Python", "kind": "class", "scope": "Design", "scopeKind": "class"}, {"_type": "tag", "name": "Config", "path": "/home/kavia/workspace/code-generation/home-design-studio-219193-219214/home_design_backend/src/schemas.py", "pattern": "/^    class Config:$/", "language": "Python", "kind": "class", "scope": "Furniture", "scopeKind": "class"}, {"_type": "tag", "name": "Config", "path": "/home/kavia/workspace/code-generation/home-design-studio-219193-219214/home_design_backend/src/schemas.py", "pattern": "/^    class Config:$/", "language": "Python", "kind": "class", "scope": "User", "scopeKind": "class"}, {"_type": "tag", "name": "Design", "path": "/home/kavia/workspace/code-generation/home-design-studio-219193-219214/home_design_backend/src/schemas.py", "pattern": "/^class Design(DesignBase):$/", "language": "Python", "kind": "class"}, {"_type": "tag", "name": "DesignBase", "path": "/home/kavia/workspace/code-generation/home-design-studio-219193-219214/home_design_backend/src/schemas.py", "pattern": "/^class DesignBase(BaseModel):$/", "language": "Python", "kind": "class"}, {"_type": "tag", "name": "DesignCreate", "path": "/home/kavia/workspace/code-generation/home-design-studio-219193-219214/home_design_backend/src/schemas.py", "pattern": "/^class DesignCreate(DesignBase):$/", "language": "Python", "kind": "class"}, {"_type": "tag", "name": "Furniture", "path": "/home/kavia/workspace/code-generation/home-design-studio-219193-219214/home_design_backend/src/schemas.py", "pattern": "/^class Furniture(FurnitureBase):$/", "language": "Python", "kind": "class"}, {"_type": "tag", "name": "FurnitureBase", "path": "/home/kavia/workspace/code-generation/home-design-studio-219193-219214/home_design_backend/src/schemas.py", "pattern": "/^class FurnitureBase(BaseModel):$/", "language": "Python", "kind": "class"}, {"_type": "tag", "name": "FurnitureCreate", "path": "/home/kavia/workspace/code-generation/home-design-studio-219193-219214/home_design_backend/src/schemas.py", "pattern": "/^class FurnitureCreate(FurnitureBase):$/", "language": "Python", "kind": "class"}, {"_type": "tag", "name": "Token", "path": "/home/kavia/workspace/code-generation/home-design-studio-219193-219214/home_design_backend/src/schemas.py", "pattern": "/^class Token(BaseModel):$/", "language": "Python", "kind": "class"}, {"_type": "tag", "name": "TokenData", "path": "/home/kavia/workspace/code-generation/home-design-studio-219193-219214/home_design_backend/src/schemas.py", "pattern": "/^class TokenData(BaseModel):$/", "language": "Python", "kind": "class"}, {"_type": "tag", "name": "User", "path": "/home/kavia/workspace/code-generation/home-design-studio-219193-219214/home_design_backend/src/schemas.py", "pattern": "/^class User(UserBase):$/", "language": "Python", "kind": "class"}, {"_type": "tag", "name": "UserBase", "path": "/home/kavia/workspace/code-generation/home-design-studio-219193-219214/home_design_backend/src/schemas.py", "pattern": "/^class UserBase(BaseModel):$/", "language": "Python", "kind": "class"}, {"_type": "tag", "name": "UserCreate", "path": "/home/kavia/workspace/code-generation/home-design-studio-219193-219214/home_design_backend/src/schemas.py", "pattern": "/^class UserCreate(UserBase):$/", "language": "Python", "kind": "class"}, {"_type": "tag", "name": "category", "path": "/home/kavia/workspace/code-generation/home-design-studio-219193-219214/home_design_backend/src/schemas.py", "pattern": "/^    category: Optional[str] = None$/", "language": "Python", "typeref": "typename:Optional[str]", "kind": "variable", "scope": "FurnitureBase", "scopeKind": "class"}, {"_type": "tag", "name": "color", "path": "/home/kavia/workspace/code-generation/home-design-studio-219193-219214/home_design_backend/src/schemas.py", "pattern": "/^    color: Optional[str] = None$/", "language": "Python", "typeref": "typename:Optional[str]", "kind": "variable", "scope": "FurnitureBase", "scopeKind": "class"}, {"_type": "tag", "name": "depth", "path": "/home/kavia/workspace/code-generation/home-design-studio-219193-219214/home_design_backend/src/schemas.py", "pattern": "/^    depth: Optional[float] = None$/", "language": "Python", "typeref": "typename:Optional[float]", "kind": "variable", "scope": "FurnitureBase", "scopeKind": "class"}, {"_type": "tag", "name": "designs", "path": "/home/kavia/workspace/code-generation/home-design-studio-219193-219214/home_design_backend/src/schemas.py", "pattern": "/^    designs: List[Design] = []$/", "language": "Python", "typeref": "typename:List[Design]", "kind": "variable", "scope": "User", "scopeKind": "class"}, {"_type": "tag", "name": "from_attributes", "path": "/home/kavia/workspace/code-generation/home-design-studio-219193-219214/home_design_backend/src/schemas.py", "pattern": "/^        from_attributes = True$/", "language": "Python", "kind": "variable", "scope": "Design.Config", "scopeKind": "class"}, {"_type": "tag", "name": "from_attributes", "path": "/home/kavia/workspace/code-generation/home-design-studio-219193-219214/home_design_backend/src/schemas.py", "pattern": "/^        from_attributes = True$/", "language": "Python", "kind": "variable", "scope": "Furniture.Config", "scopeKind": "class"}, {"_type": "tag", "name": "from_attributes", "path": "/home/kavia/workspace/code-generation/home-design-studio-219193-219214/home_design_backend/src/schemas.py", "pattern": "/^        from_attributes = True$/", "language": "Python", "kind": "variable", "scope": "User.Config", "scopeKind": "class"}, {"_type": "tag", "name": "height", "path": "/home/kavia/workspace/code-generation/home-design-studio-219193-219214/home_design_backend/src/schemas.py", "pattern": "/^    height: Optional[float] = None$/", "language": "Python", "typeref": "typename:Optional[float]", "kind": "variable", "scope": "FurnitureBase", "scopeKind": "class"}, {"_type": "tag", "name": "image_url", "path": "/home/kavia/workspace/code-generation/home-design-studio-219193-219214/home_design_backend/src/schemas.py", "pattern": "/^    image_url: Optional[str] = None$/", "language": "Python", "typeref": "typename:Optional[str]", "kind": "variable", "scope": "FurnitureBase", "scopeKind": "class"}, {"_type": "tag", "name": "layout_data", "path": "/home/kavia/workspace/code-generation/home-design-studio-219193-219214/home_design_backend/src/schemas.py", "pattern": "/^    layout_data: Optional[Any] = None$/", "language": "Python", "typeref": "typename:Optional[Any]", "kind": "variable", "scope": "DesignBase", "scopeKind": "class"}, {"_type": "tag", "name": "material", "path": "/home/kavia/workspace/code-generation/home-design-studio-219193-219214/home_design_backend/src/schemas.py", "pattern": "/^    material: Optional[str] = None$/", "language": "Python", "typeref": "typename:Optional[str]", "kind": "variable", "scope": "FurnitureBase", "scopeKind": "class"}, {"_type": "tag", "name": "model_url", "path": "/home/kavia/workspace/code-generation/home-design-studio-219193-219214/home_design_backend/src/schemas.py", "pattern": "/^    model_url: Optional[str] = None$/", "language": "Python", "typeref": "typename:Optional[str]", "kind": "variable", "scope": "FurnitureBase", "scopeKind": "class"}, {"_type": "tag", "name": "price", "path": "/home/kavia/workspace/code-generation/home-design-studio-219193-219214/home_design_backend/src/schemas.py", "pattern": "/^    price: Optional[float] = None$/", "language": "Python", "typeref": "typename:Optional[float]", "kind": "variable", "scope": "FurnitureBase", "scopeKind": "class"}, {"_type": "tag", "name": "username", "path": "/home/kavia/workspace/code-generation/home-design-studio-219193-219214/home_design_backend/src/schemas.py", "pattern": "/^    username: Optional[str] = None$/", "language": "Python", "typeref": "typename:Optional[str]", "kind": "variable", "scope": "TokenData", "scopeKind": "class"}, {"_type": "tag", "name": "width", "path": "/home/kavia/workspace/code-generation/home-design-studio-219193-219214/home_design_backend/src/schemas.py", "pattern": "/^    width: Optional[float] = None$/", "language": "Python", "typeref": "typename:Optional[float]", "kind": "variable", "scope": "FurnitureBase", "scopeKind": "class"}], "hash": "e4799701cb5f3b0978ccd13a888935f3", "format-version": 4, "code-base-name": "home_design_backend", "filename": "home_design_backend/src/schemas.py", "fields": [{"name": "Optional[str] category", "scope": "FurnitureBase", "scopeKind": "class", "description": "unavailable"}, {"name": "Optional[str] color", "scope": "FurnitureBase", "scopeKind": "class", "description": "unavailable"}, {"name": "Optional[float] depth", "scope": "FurnitureBase", "scopeKind": "class", "description": "unavailable"}, {"name": "List[Design] designs", "scope": "User", "scopeKind": "class", "description": "unavailable"}, {"name": "from_attributes = True", "scope": "Design.Config", "scopeKind": "class", "description": "unavailable"}, {"name": "Optional[float] height", "scope": "FurnitureBase", "scopeKind": "class", "description": "unavailable"}, {"name": "Optional[str] image_url", "scope": "FurnitureBase", "scopeKind": "class", "description": "unavailable"}, {"name": "Optional[Any] layout_data", "scope": "DesignBase", "scopeKind": "class", "description": "unavailable"}, {"name": "Optional[str] material", "scope": "FurnitureBase", "scopeKind": "class", "description": "unavailable"}, {"name": "Optional[str] model_url", "scope": "FurnitureBase", "scopeKind": "class", "description": "unavailable"}, {"name": "Optional[float] price", "scope": "FurnitureBase", "scopeKind": "class", "description": "unavailable"}, {"name": "Optional[str] username", "scope": "TokenData", "scopeKind": "class", "description": "unavailable"}, {"name": "Optional[float] width", "scope": "FurnitureBase", "scopeKind": "class", "description": "unavailable"}], "revision_history": [{"13": ""}]}