{"is_source_file": true, "format": "Python", "description": "Main application setup for the Home Design Studio backend using FastAPI, including database initialization, middleware configuration, and route inclusion.", "external_files": ["routers/auth.py", "routers/catalog.py", "routers/designs.py", "database.py"], "external_methods": ["fastapi.FastAPI", "fastapi.middleware.cors.CORSMiddleware", "Base.metadata.create_all", "app.include_router"], "published": ["app"], "classes": [], "methods": [{"name": "read_root()", "description": "Health check endpoint returning a welcome message.", "scope": "", "scopeKind": ""}], "calls": ["Base.metadata.create_all", "app.include_router(auth.router)", "app.include_router(catalog.router)", "app.include_router(designs.router)"], "search-terms": ["Home Design Studio API", "FastAPI main setup", "CORS middleware configuration", "database initialization", "router inclusion", "root endpoint"], "state": 2, "file_id": 12, "knowledge_revision": 22, "git_revision": "", "ctags": [{"_type": "tag", "name": "app", "path": "/home/kavia/workspace/code-generation/home-design-studio-219193-219214/home_design_backend/src/main.py", "pattern": "/^app = FastAPI($/", "language": "Python", "kind": "variable"}, {"_type": "tag", "name": "origins", "path": "/home/kavia/workspace/code-generation/home-design-studio-219193-219214/home_design_backend/src/main.py", "pattern": "/^origins = [$/", "language": "Python", "kind": "variable"}, {"_type": "tag", "name": "read_root", "path": "/home/kavia/workspace/code-generation/home-design-studio-219193-219214/home_design_backend/src/main.py", "pattern": "/^def read_root():$/", "language": "Python", "kind": "function", "signature": "()"}], "hash": "fc817ec6a86a6e3d1043a7cdeaef73c2", "format-version": 4, "code-base-name": "home_design_backend", "filename": "home_design_backend/src/main.py", "fields": [{"name": "app = FastAPI(", "scope": "", "scopeKind": "", "description": "unavailable"}, {"name": "origins = [", "scope": "", "scopeKind": "", "description": "unavailable"}], "revision_history": [{"22": ""}]}