{"is_source_file": true, "format": "Python", "description": "This file defines a FastAPI router for catalog-related endpoints, specifically for retrieving furniture catalog data with optional filters. It imports dependencies, sets up routing, and exposes a GET endpoint to fetch furniture data from a database using SQLAlchemy ORM.", "external_files": ["models", "schemas", "database"], "external_methods": ["database.get_db"], "published": ["router"], "classes": [], "methods": [{"name": "get_catalog( category: Optional[str] = None, search: Optional[str] = None, db: Session = Depends(database.get_db) )", "description": "Endpoint handler to retrieve furniture catalog, optionally filtered by category and search term.", "scope": "", "scopeKind": ""}], "calls": ["database.get_db", "db.query", "models.Furniture", "query.filter", "query.all"], "search-terms": ["FastAPI router", "catalog endpoint", "Furniture model", "get_catalog function", "SQLAlchemy query", "/catalog route"], "state": 2, "file_id": 10, "knowledge_revision": 19, "git_revision": "", "ctags": [{"_type": "tag", "name": "get_catalog", "path": "/home/kavia/workspace/code-generation/home-design-studio-219193-219214/home_design_backend/src/routers/catalog.py", "pattern": "/^def get_catalog($/", "language": "Python", "kind": "function", "signature": "( category: Optional[str] = None, search: Optional[str] = None, db: Session = Depends(database.get_db) )"}, {"_type": "tag", "name": "router", "path": "/home/kavia/workspace/code-generation/home-design-studio-219193-219214/home_design_backend/src/routers/catalog.py", "pattern": "/^router = APIRouter(prefix=\"\\/catalog\", tags=[\"catalog\"])$/", "language": "Python", "kind": "variable"}], "hash": "27773de12dfd7cc6e6db8f0f327bdf19", "format-version": 4, "code-base-name": "home_design_backend", "filename": "home_design_backend/src/routers/catalog.py", "fields": [{"name": "router = APIRouter(prefix=\"\\/catalog\", tags=[\"catalog\"])", "scope": "", "scopeKind": "", "description": "unavailable"}], "revision_history": [{"19": ""}]}