{"is_source_file": true, "format": "Python", "description": "This file defines FastAPI routes and dependencies related to user authentication, including user signup, login, and current user retrieval.", "external_files": ["schemas", "models", "auth", "database"], "external_methods": ["auth.get_password_hash", "auth.verify_password", "auth.create_access_token", "database.get_db"], "published": [], "classes": [], "methods": [{"name": "signup(user: schemas.UserCreate, db: Session = Depends(database.get_db))", "description": "Registers a new user in the database.", "scope": "", "scopeKind": ""}, {"name": "login_for_access_token(form_data: OAuth2PasswordRequestForm = Depends(), db: Session = Depends(database.get_db))", "description": "Authenticates a user and provides an access token.", "scope": "", "scopeKind": ""}, {"name": "get_current_user(token: str = Depends(oauth2_scheme), db: Session = Depends(database.get_db))", "description": "Retrieves the currently authenticated user based on the provided token.", "scope": "", "scopeKind": ""}], "calls": ["db.query", "db.add", "db.commit", "db.refresh", "auth.get_password_hash", "auth.verify_password", "auth.create_access_token", "jwt.decode"], "search-terms": ["auth", "FastAPI router", "OAuth2PasswordBearer", "user signup", "login", "current user", "token verification"], "state": 2, "file_id": 9, "knowledge_revision": 18, "git_revision": "", "ctags": [{"_type": "tag", "name": "get_current_user", "path": "/home/kavia/workspace/code-generation/home-design-studio-219193-219214/home_design_backend/src/routers/auth.py", "pattern": "/^def get_current_user(token: str = Depends(oauth2_scheme), db: Session = Depends(database.get_db)/", "language": "Python", "kind": "function", "signature": "(token: str = Depends(oauth2_scheme), db: Session = Depends(database.get_db))"}, {"_type": "tag", "name": "login_for_access_token", "path": "/home/kavia/workspace/code-generation/home-design-studio-219193-219214/home_design_backend/src/routers/auth.py", "pattern": "/^def login_for_access_token(form_data: OAuth2PasswordRequestForm = Depends(), db: Session = Depen/", "language": "Python", "kind": "function", "signature": "(form_data: OAuth2PasswordRequestForm = Depends(), db: Session = Depends(database.get_db))"}, {"_type": "tag", "name": "oauth2_scheme", "path": "/home/kavia/workspace/code-generation/home-design-studio-219193-219214/home_design_backend/src/routers/auth.py", "pattern": "/^oauth2_scheme = OAuth2PasswordBearer(tokenUrl=\"token\")$/", "language": "Python", "kind": "variable"}, {"_type": "tag", "name": "router", "path": "/home/kavia/workspace/code-generation/home-design-studio-219193-219214/home_design_backend/src/routers/auth.py", "pattern": "/^router = APIRouter(tags=[\"auth\"])$/", "language": "Python", "kind": "variable"}, {"_type": "tag", "name": "signup", "path": "/home/kavia/workspace/code-generation/home-design-studio-219193-219214/home_design_backend/src/routers/auth.py", "pattern": "/^def signup(user: schemas.UserCreate, db: Session = Depends(database.get_db)):$/", "language": "Python", "kind": "function", "signature": "(user: schemas.UserCreate, db: Session = Depends(database.get_db))"}], "hash": "68633bfd8b02f05db1478650318a3968", "format-version": 4, "code-base-name": "home_design_backend", "filename": "home_design_backend/src/routers/auth.py", "fields": [{"name": "oauth2_scheme = OAuth2PasswordBearer(tokenUrl=\"token\")", "scope": "", "scopeKind": "", "description": "unavailable"}, {"name": "router = APIRouter(tags=[\"auth\"])", "scope": "", "scopeKind": "", "description": "unavailable"}], "revision_history": [{"18": ""}]}