{"is_source_file": true, "format": "Python (FastAPI)", "description": "This file defines API routes for managing 'Design' entities in a web application, including CRUD operations such as create, retrieve, update, and delete. It uses FastAPI's APIRouter, depends on SQLAlchemy ORM models, and incorporates authentication.", "external_files": ["../models", "../schemas", "../database", "./auth"], "external_methods": ["database.get_db", "auth.get_current_user"], "published": ["create_design", "get_my_designs", "get_design", "update_design", "delete_design"], "classes": [], "methods": [{"name": "create_design( design: schemas.DesignCreate, db: Session = Depends(database.get_db), current_user: models.User = Depends(get_current_user) )", "description": "Creates a new design project for the current user.", "scope": "", "scopeKind": ""}, {"name": "get_my_designs( db: Session = Depends(database.get_db), current_user: models.User = Depends(get_current_user) )", "description": "Retrieves all design projects belonging to the current user.", "scope": "", "scopeKind": ""}, {"name": "get_design( design_id: int, db: Session = Depends(database.get_db), current_user: models.User = Depends(get_current_user) )", "description": "Fetches a specific design by its ID for the current user.", "scope": "", "scopeKind": ""}, {"name": "update_design( design_id: int, design_update: schemas.DesignCreate, db: Session = Depends(database.get_db), current_user: models.User = Depends(get_current_user) )", "description": "Updates an existing design by its ID with new data.", "scope": "", "scopeKind": ""}, {"name": "delete_design( design_id: int, db: Session = Depends(database.get_db), current_user: models.User = Depends(get_current_user) )", "description": "Deletes a design by its ID.", "scope": "", "scopeKind": ""}], "calls": ["database.get_db", "get_current_user", "models.Design", "schemas.Design", "schemas.DesignCreate", "db.query", "db.add", "db.commit", "db.refresh", "db.delete", "raise HTTPException"], "search-terms": ["designs API", "Design CRUD", "FastAPI router", "SQLAlchemy session", "Design model", "Design schemas", "auth dependency"], "state": 2, "file_id": 11, "knowledge_revision": 21, "git_revision": "", "ctags": [{"_type": "tag", "name": "create_design", "path": "/home/kavia/workspace/code-generation/home-design-studio-219193-219214/home_design_backend/src/routers/designs.py", "pattern": "/^def create_design($/", "language": "Python", "kind": "function", "signature": "( design: schemas.DesignCreate, db: Session = Depends(database.get_db), current_user: models.User = Depends(get_current_user) )"}, {"_type": "tag", "name": "delete_design", "path": "/home/kavia/workspace/code-generation/home-design-studio-219193-219214/home_design_backend/src/routers/designs.py", "pattern": "/^def delete_design($/", "language": "Python", "kind": "function", "signature": "( design_id: int, db: Session = Depends(database.get_db), current_user: models.User = Depends(get_current_user) )"}, {"_type": "tag", "name": "get_design", "path": "/home/kavia/workspace/code-generation/home-design-studio-219193-219214/home_design_backend/src/routers/designs.py", "pattern": "/^def get_design($/", "language": "Python", "kind": "function", "signature": "( design_id: int, db: Session = Depends(database.get_db), current_user: models.User = Depends(get_current_user) )"}, {"_type": "tag", "name": "get_my_designs", "path": "/home/kavia/workspace/code-generation/home-design-studio-219193-219214/home_design_backend/src/routers/designs.py", "pattern": "/^def get_my_designs($/", "language": "Python", "kind": "function", "signature": "( db: Session = Depends(database.get_db), current_user: models.User = Depends(get_current_user) )"}, {"_type": "tag", "name": "router", "path": "/home/kavia/workspace/code-generation/home-design-studio-219193-219214/home_design_backend/src/routers/designs.py", "pattern": "/^router = APIRouter(prefix=\"\\/designs\", tags=[\"designs\"])$/", "language": "Python", "kind": "variable"}, {"_type": "tag", "name": "update_design", "path": "/home/kavia/workspace/code-generation/home-design-studio-219193-219214/home_design_backend/src/routers/designs.py", "pattern": "/^def update_design($/", "language": "Python", "kind": "function", "signature": "( design_id: int, design_update: schemas.DesignCreate, db: Session = Depends(database.get_db), current_user: models.User = Depends(get_current_user) )"}], "hash": "4707bd33e123877c2a0040e708847658", "format-version": 4, "code-base-name": "home_design_backend", "filename": "home_design_backend/src/routers/designs.py", "fields": [{"name": "router = APIRouter(prefix=\"\\/designs\", tags=[\"designs\"])", "scope": "", "scopeKind": "", "description": "unavailable"}], "revision_history": [{"21": ""}]}