{"is_source_file": true, "format": "Python", "description": "This file contains authentication utilities for a backend application, including password hashing, password verification, and JWT token creation.", "external_files": ["jose", "passlib", "os"], "external_methods": ["jwt.encode"], "published": ["SECRET_KEY", "ALGORITHM", "ACCESS_TOKEN_EXPIRE_MINUTES", "verify_password", "get_password_hash", "create_access_token"], "classes": [], "methods": [{"name": "verify_password(plain_password, hashed_password)", "description": "Verifies a plaintext password against a hashed password.", "scope": "", "scopeKind": ""}, {"name": "get_password_hash(password)", "description": "Generates a hashed version of a plaintext password.", "scope": "", "scopeKind": ""}, {"name": "create_access_token(data: dict, expires_delta: Optional[timedelta] = None)", "description": "Creates a JWT token containing provided data with optional expiration.", "scope": "", "scopeKind": ""}], "calls": ["pwd_context.verify", "pwd_context.hash", "jwt.encode"], "search-terms": ["auth", "JWT", "password hashing", "access token", "token creation", "security"], "state": 2, "file_id": 8, "knowledge_revision": 14, "git_revision": "", "ctags": [{"_type": "tag", "name": "ACCESS_TOKEN_EXPIRE_MINUTES", "path": "/home/kavia/workspace/code-generation/home-design-studio-219193-219214/home_design_backend/src/auth.py", "pattern": "/^ACCESS_TOKEN_EXPIRE_MINUTES = 30$/", "language": "Python", "kind": "variable"}, {"_type": "tag", "name": "ALGORITHM", "path": "/home/kavia/workspace/code-generation/home-design-studio-219193-219214/home_design_backend/src/auth.py", "pattern": "/^ALGORITHM = \"HS256\"$/", "language": "Python", "kind": "variable"}, {"_type": "tag", "name": "SECRET_KEY", "path": "/home/kavia/workspace/code-generation/home-design-studio-219193-219214/home_design_backend/src/auth.py", "pattern": "/^SECRET_KEY = os.getenv(\"SECRET_KEY\", \"09d25e094faa6ca2556c818166b7a9563b93f7099f6f0f4caa6cf63b88/", "language": "Python", "kind": "variable"}, {"_type": "tag", "name": "create_access_token", "path": "/home/kavia/workspace/code-generation/home-design-studio-219193-219214/home_design_backend/src/auth.py", "pattern": "/^def create_access_token(data: dict, expires_delta: Optional[timedelta] = None):$/", "language": "Python", "kind": "function", "signature": "(data: dict, expires_delta: Optional[timedelta] = None)"}, {"_type": "tag", "name": "get_password_hash", "path": "/home/kavia/workspace/code-generation/home-design-studio-219193-219214/home_design_backend/src/auth.py", "pattern": "/^def get_password_hash(password):$/", "language": "Python", "kind": "function", "signature": "(password)"}, {"_type": "tag", "name": "pwd_context", "path": "/home/kavia/workspace/code-generation/home-design-studio-219193-219214/home_design_backend/src/auth.py", "pattern": "/^pwd_context = CryptContext(schemes=[\"bcrypt\"], deprecated=\"auto\")$/", "language": "Python", "kind": "variable"}, {"_type": "tag", "name": "verify_password", "path": "/home/kavia/workspace/code-generation/home-design-studio-219193-219214/home_design_backend/src/auth.py", "pattern": "/^def verify_password(plain_password, hashed_password):$/", "language": "Python", "kind": "function", "signature": "(plain_password, hashed_password)"}], "hash": "3d843ac05d94f21ea83ab88bb5d682e1", "format-version": 4, "code-base-name": "home_design_backend", "filename": "home_design_backend/src/auth.py", "fields": [{"name": "ACCESS_TOKEN_EXPIRE_MINUTES = 30", "scope": "", "scopeKind": "", "description": "unavailable"}, {"name": "ALGORITHM = \"HS256\"", "scope": "", "scopeKind": "", "description": "unavailable"}, {"name": "SECRET_KEY = os.getenv(\"SECRET_KEY\", \"09d25e094faa6ca2556c818166b7a9563b93f7099f6f0f4caa6cf63b88/", "scope": "", "scopeKind": "", "description": "unavailable"}, {"name": "pwd_context = CryptContext(schemes=[\"bcrypt\"], deprecated=\"auto\")", "scope": "", "scopeKind": "", "description": "unavailable"}], "revision_history": [{"14": ""}]}