{"is_source_file": true, "format": "Python", "description": "This file sets up the database connection using SQLAlchemy, defines a base class for ORM models, and provides a dependency function for obtaining database sessions.", "external_files": ["sqlalchemy", "os"], "external_methods": ["sqlalchemy.create_engine", "sqlalchemy.orm.sessionmaker", "sqlalchemy.orm.declarative_base", "os.getenv"], "published": ["SQLALCHEMY_DATABASE_URL", "engine", "SessionLocal", "Base", "get_db"], "classes": [], "methods": [{"name": "get_db()", "description": "Provides a database session for dependency injection; manages session lifecycle.", "scope": "", "scopeKind": ""}], "calls": ["sessionmaker", "create_engine", "os.getenv"], "search-terms": ["database connection", "SQLAlchemy setup", "session management", "database dependency"], "state": 2, "file_id": 5, "knowledge_revision": 8, "git_revision": "", "ctags": [{"_type": "tag", "name": "Base", "path": "/home/kavia/workspace/code-generation/home-design-studio-219193-219214/home_design_backend/src/database.py", "pattern": "/^Base = declarative_base()$/", "language": "Python", "kind": "variable"}, {"_type": "tag", "name": "SQLALCHEMY_DATABASE_URL", "path": "/home/kavia/workspace/code-generation/home-design-studio-219193-219214/home_design_backend/src/database.py", "pattern": "/^SQLALCHEMY_DATABASE_URL = os.getenv(\"DATABASE_URL\", \"postgresql:\\/\\/appuser:dbuser123@localhost:/", "language": "Python", "kind": "variable"}, {"_type": "tag", "name": "SessionLocal", "path": "/home/kavia/workspace/code-generation/home-design-studio-219193-219214/home_design_backend/src/database.py", "pattern": "/^SessionLocal = sessionmaker(autocommit=False, autoflush=False, bind=engine)$/", "language": "Python", "kind": "variable"}, {"_type": "tag", "name": "engine", "path": "/home/kavia/workspace/code-generation/home-design-studio-219193-219214/home_design_backend/src/database.py", "pattern": "/^engine = create_engine(SQLALCHEMY_DATABASE_URL)$/", "language": "Python", "kind": "variable"}, {"_type": "tag", "name": "get_db", "path": "/home/kavia/workspace/code-generation/home-design-studio-219193-219214/home_design_backend/src/database.py", "pattern": "/^def get_db():$/", "language": "Python", "kind": "function", "signature": "()"}], "hash": "0af3ec7b98ece26c062b733a357e5c4c", "format-version": 4, "code-base-name": "home_design_backend", "filename": "home_design_backend/src/database.py", "fields": [{"name": "Base = declarative_base()", "scope": "", "scopeKind": "", "description": "unavailable"}, {"name": "SQLALCHEMY_DATABASE_URL = os.getenv(\"DATABASE_URL\", \"postgresql:\\/\\/appuser:dbuser123@localhost:/", "scope": "", "scopeKind": "", "description": "unavailable"}, {"name": "SessionLocal = sessionmaker(autocommit=False, autoflush=False, bind=engine)", "scope": "", "scopeKind": "", "description": "unavailable"}, {"name": "engine = create_engine(SQLALCHEMY_DATABASE_URL)", "scope": "", "scopeKind": "", "description": "unavailable"}], "revision_history": [{"8": ""}]}