{"is_source_file": false, "format": "", "description": "", "external_files": [], "external_methods": [], "published": [], "classes": [], "methods": [], "calls": [], "search-terms": ["home-design-studio-219193-219214", "README.md", "home-design-studio"], "state": 2, "file_id": 1, "knowledge_revision": 6, "git_revision": "47c82a540cfeb366bf19cc2e545a1988c834c3c3", "hash": "16426ee9ce7f86c6ab685c355ee8a0d9", "format-version": 4, "code-base-name": "home_design_backend", "filename": "README.md", "revision_history": [{"6": "47c82a540cfeb366bf19cc2e545a1988c834c3c3"}]}